,dtg,Bairro,valor_tratado,lat,lng,Descrição,tipo_outorga
0,2023-01-01,Fátima,63721.35,-3.7513,-38.5295,"<b>REQUERENTE:</b></br>	
Nossa Senhora de Fátima SPE Incorporação LTDA
<p></p>
<b>Nº PROCESSO SEUMA:</b></br> 
17091/2012  e 18844/2016- SEUMA
<p></p>
<b>Nº ALVARÁ DE CONSTRUÇÃO:</b></br> 
954
<p></p>
<b>ATIVIDADE:</b></br>
Residencial Multifamiliar (prédio de apartamentos)
<p></p>
<b>ÍNDICE DE APROVEITAMENTO OUTORGADO:</b></br> 
1,00
<p></p>
<b>VALOR DA OUTORGA:</b></br> 
R$ 63.721,35",OODC
1,2023-01-01,Guararapes,95005.73,-3.7592,-38.4851,"<b>REQUERENTE:</b></br>	
M Aguiar Construções SPE LTDA
<p></p>
<b>Nº PROCESSO SEUMA:</b></br> 
1391/2013 e 13636/2016
<p></p>
<b>Nº ALVARÁ DE CONSTRUÇÃO:</b></br> 
799
<p></p>
<b>ATIVIDADE:</b></br>
Residencial Multifamiliar (prédio de apartamentos)
<p></p>
<b>ÍNDICE DE APROVEITAMENTO OUTORGADO:</b></br> 
0,50
<p></p>
<b>VALOR DA OUTORGA:</b></br> 
R$ 95.005,73",OODC
2,2023-01-01,Guararapes,140394.3,-3.7591,-38.4894,"<b>REQUERENTE:</b></br>	
Integral Justino Café Incorporações SPE LTDA
<p></p>
<b>Nº PROCESSO SEUMA:</b></br> 
5922/2013 e 1854/2016
<p></p>
<b>Nº ALVARÁ DE CONSTRUÇÃO:</b></br> 
969
<p></p>
<b>ATIVIDADE:</b></br>
Residencial Multifamiliar (prédio de apartamentos)
<p></p>
<b>ÍNDICE DE APROVEITAMENTO OUTORGADO:</b></br> 
0,50
<p></p>
<b>VALOR DA OUTORGA:</b></br> 
R$ 140.394,3",OODC
3,2023-01-01,Guararapes,184014.52,-3.7657,-38.4878,"<b>REQUERENTE:</b></br>	
Mota Machado & Oregon SPE XXXVIII Construções e Incorporações LTDA
<p></p>
<b>Nº PROCESSO SEUMA:</b></br> 
2012/2013 e 12465/2015
<p></p>
<b>Nº ALVARÁ DE CONSTRUÇÃO:</b></br> 
1081
<p></p>
<b>ATIVIDADE:</b></br>
Residencial Multifamiliar(prédio de apartamentos)
<p></p>
<b>ÍNDICE DE APROVEITAMENTO OUTORGADO:</b></br> 
0,50
<p></p>
<b>VALOR DA OUTORGA:</b></br> 
R$ 184.014,52",OODC
4,2023-01-01,São João do Tauape,208235.07,-3.7508,-38.4919,"<b>REQUERENTE:</b></br>	
JS 128 Empreendimentos Imobiliário LTDA
<p></p>
<b>Nº PROCESSO SEUMA:</b></br> 
17001/2013 e 1933/2017
<p></p>
<b>Nº ALVARÁ DE CONSTRUÇÃO:</b></br> 
1052
<p></p>
<b>ATIVIDADE:</b></br>
Residencial Multifamiliar (prédio de apartamentos) 
<p></p>
<b>ÍNDICE DE APROVEITAMENTO OUTORGADO:</b></br> 
1,00
<p></p>
<b>VALOR DA OUTORGA:</b></br> 
R$ 208.235,07",OODC
5,2023-01-01,Parque Iracema,167978.25,-3.8089,-38.4944,"<b>REQUERENTE:</b></br>	
Marquise - Estação das Flores Empreendimentos Imobiliários SPE LTDA
<p></p>
<b>Nº PROCESSO SEUMA:</b></br> 
4637/2013 e 11372/2015
<p></p>
<b>Nº ALVARÁ DE CONSTRUÇÃO:</b></br> 
815
<p></p>
<b>ATIVIDADE:</b></br>
Residencial Multifamiliar (prédio de apartamentos)
<p></p>
<b>ÍNDICE DE APROVEITAMENTO OUTORGADO:</b></br> 
0,50
<p></p>
<b>VALOR DA OUTORGA:</b></br> 
R$ 167.978,25",OODC
6,2023-01-01,Parque Iracema,284314.5,-3.8096,-38.4933,"<b>REQUERENTE:</b></br>	
Colmeia Felicita Empreendimentos Imobiliários LTDA
<p></p>
<b>Nº PROCESSO SEUMA:</b></br> 
7383/2013
<p></p>
<b>Nº ALVARÁ DE CONSTRUÇÃO:</b></br> 
1014
<p></p>
<b>ATIVIDADE:</b></br>
Residencial Multifamiliar (prédio de apartamentos) 
<p></p>
<b>ÍNDICE DE APROVEITAMENTO OUTORGADO:</b></br> 
0,50
<p></p>
<b>VALOR DA OUTORGA:</b></br> 
R$ 284.314,50",OODC
7,2023-01-01,Papicu,370737.0,-3.7406,-38.4773,"<b>REQUERENTE:</b></br>	
Dunnas Empreendimento Imobiliário SPE LTDA
<p></p>
<b>Nº PROCESSO SEUMA:</b></br> 
10585/2011, 19393/2013 e 9745/2013
<p></p>
<b>Nº ALVARÁ DE CONSTRUÇÃO:</b></br> 
607
<p></p>
<b>ATIVIDADE:</b></br>
Conjunto Habitacional
<p></p>
<b>ÍNDICE DE APROVEITAMENTO OUTORGADO:</b></br> 
0,90
<p></p>
<b>VALOR DA OUTORGA:</b></br> 
R$ 370.737,00",OODC
8,2023-01-01,Papicu,249210.0,-3.7379,-38.4809,"<b>REQUERENTE:</b></br>	
Portugal Plaza Incorporadora SPE LTDA
<p></p>
<b>Nº PROCESSO SEUMA:</b></br> 
3954/2012
<p></p>
<b>Nº ALVARÁ DE CONSTRUÇÃO:</b></br> 
862
<p></p>
<b>ATIVIDADE:</b></br>
Residencial Multifamiliar (prédio de apartamentos)
<p></p>
<b>ÍNDICE DE APROVEITAMENTO OUTORGADO:</b></br> 
0,90
<p></p>
<b>VALOR DA OUTORGA:</b></br> 
R$ 249.210,00",OODC
9,2023-01-01,Fátima,98406.55,-3.7536,-38.529,"<b>REQUERENTE:</b></br>	
Colméia Fátima Residence Emprendimento Imobiliário LTDA
<p></p>
<b>Nº PROCESSO SEUMA:</b></br> 
2632/2014
<p></p>
<b>Nº ALVARÁ DE CONSTRUÇÃO:</b></br> 
254
<p></p>
<b>ATIVIDADE:</b></br>
Residencial Multifamiliar (prédio de apartamentos)
<p></p>
<b>ÍNDICE DE APROVEITAMENTO OUTORGADO:</b></br> 
0,79
<p></p>
<b>VALOR DA OUTORGA:</b></br> 
R$ 98.406,55",OODC
10,2023-01-01,Cambeba,147753.84,-3.8063,-38.48,"<b>REQUERENTE:</b></br>	
Tâmara Construtora LTDA ME
<p></p>
<b>Nº PROCESSO SEUMA:</b></br> 
3974/2012
<p></p>
<b>Nº ALVARÁ DE CONSTRUÇÃO:</b></br> 
43
<p></p>
<b>ATIVIDADE:</b></br>
Residencial Multifamiliar (prédio de apartamentos)  
<p></p>
<b>ÍNDICE DE APROVEITAMENTO OUTORGADO:</b></br> 
0,50
<p></p>
<b>VALOR DA OUTORGA:</b></br> 
R$ 147.753,84",OODC
11,2023-01-01,Dionísio Torres,385226.91,-3.7481,-38.495,"<b>REQUERENTE:</b></br>	
DN América Empreendimento Imobiliários SPE LTDA
<p></p>
<b>Nº PROCESSO SEUMA:</b></br> 
5638/2013
<p></p>
<b>Nº ALVARÁ DE CONSTRUÇÃO:</b></br> 
308
<p></p>
<b>ATIVIDADE:</b></br>
Comércio e Serviços Mútiplos
<p></p>
<b>ÍNDICE DE APROVEITAMENTO OUTORGADO:</b></br> 
0,87
<p></p>
<b>VALOR DA OUTORGA:</b></br> 
R$ 385.226,91",OODC
12,2023-01-01,Cajazeiras,447.3,-3.81,-38.5059,"<b>REQUERENTE:</b></br> 
Emanuel Alves Diniz
<p></p>
<b>Nº PROCESSO FORTALEZA ONLINE:</b></br> 
RAC2022493531 
<p></p>
<b>Nº ALVARÁ DE CONSTRUÇÃO:</b></br> 
AC00002922/2022
<p></p>
<b>ATIVIDADE:</b></br>
Residência Unifamiliar (Casa)
<p></p>
<b>ÍNDICE DE APROVEITAMENTO OUTORGADO:</b></br> 
0,21
<p></p>
<b>VALOR DA OUTORGA:</b></br> 
R$ 447,30",OODC
13,2023-01-01,Cidade dos Funcionários,154429.88,-3.7994,-38.492,"<b>REQUERENTE:</b></br>	
Construtora Teixeira Oliveira LTDA
<p></p>
<b>Nº PROCESSO SEUMA:</b></br> 
13981/2012
<p></p>
<b>Nº ALVARÁ DE CONSTRUÇÃO:</b></br> 
288
<p></p>
<b>ATIVIDADE:</b></br>
Residencial Multifamiliar (prédio de apartamentos)
<p></p>
<b>ÍNDICE DE APROVEITAMENTO OUTORGADO:</b></br> 
0,32
<p></p>
<b>VALOR DA OUTORGA:</b></br> 
R$ 154.429,88",OODC
14,2023-01-01,José de Alencar,72247.5,-3.8024,-38.4769,"<b>REQUERENTE:</b></br>	
Integral André de Bernardi Incorporações SPE LTDA
<p></p>
<b>Nº PROCESSO SEUMA:</b></br> 
5920/2013
<p></p>
<b>Nº ALVARÁ DE CONSTRUÇÃO:</b></br> 
269
<p></p>
<b>ATIVIDADE:</b></br>
Residencial Multifamiliar (prédio de apartamentos)
<p></p>
<b>ÍNDICE DE APROVEITAMENTO OUTORGADO:</b></br> 
0,50
<p></p>
<b>VALOR DA OUTORGA:</b></br> 
R$ 72.247,50",OODC
15,2023-01-01,Salinas,355320.95,-3.7635,-38.4948,"<b>REQUERENTE:</b></br>	
Construtora Mota Machado LTDA
<p></p>
<b>Nº PROCESSO SEUMA:</b></br> 
18275/2013
<p></p>
<b>Nº ALVARÁ DE CONSTRUÇÃO:</b></br> 
327
<p></p>
<b>ATIVIDADE:</b></br>
Residencial Multifamiliar (prédio de apartamentos)
<p></p>
<b>ÍNDICE DE APROVEITAMENTO OUTORGADO:</b></br> 
0,49
<p></p>
<b>VALOR DA OUTORGA:</b></br> 
R$ 355.320,95",OODC
16,2023-01-01,Papicu,250928.82,-3.742,-38.4764,"<b>REQUERENTE:</b></br>	
Idibra Participações LTDA
<p></p>
<b>Nº PROCESSO SEUMA:</b></br> 
28345/2008 e 14963/2012
<p></p>
<b>Nº ALVARÁ DE CONSTRUÇÃO:</b></br> 
23298
<p></p>
<b>ATIVIDADE:</b></br>
Residencial Multifamiliar (prédio de apartamentos)
<p></p>
<b>ÍNDICE DE APROVEITAMENTO OUTORGADO:</b></br> 
0,30
<p></p>
<b>VALOR DA OUTORGA:</b></br> 
R$ 250.928,82",OODC
17,2023-01-01,Cocó,171452.62,-3.747,-38.474,"<b>REQUERENTE:</b></br>	
Construtora Ara LTDA
<p></p>
<b>Nº PROCESSO SEUMA:</b></br> 
4986/2014
<p></p>
<b>Nº ALVARÁ DE CONSTRUÇÃO:</b></br> 
450
<p></p>
<b>ATIVIDADE:</b></br>
Residencial Multifamiliar (prédio de apartamentos)
<p></p>
<b>ÍNDICE DE APROVEITAMENTO OUTORGADO:</b></br> 
0,99
<p></p>
<b>VALOR DA OUTORGA:</b></br> 
R$ 171.452,62",OODC
18,2023-01-01,Cocó,132845.4,-3.7456,-38.474,"<b>REQUERENTE:</b></br>	
Empreendimentos Imobiliários Palácio do Parque SPE LTDA
<p></p>
<b>Nº PROCESSO SEUMA:</b></br> 
2517/2014
<p></p>
<b>Nº ALVARÁ DE CONSTRUÇÃO:</b></br> 
791
<p></p>
<b>ATIVIDADE:</b></br>
Residencial Multifamiliar (prédio de apartamentos)
<p></p>
<b>ÍNDICE DE APROVEITAMENTO OUTORGADO:</b></br> 
1,00
<p></p>
<b>VALOR DA OUTORGA:</b></br> 
R$ 132.845,40",OODC
19,2023-01-01,Guararapes,111488.3,-3.7602,-38.4849,"<b>REQUERENTE:</b></br>	
Colméia Lilac Empreendimentos Imobiliários LTDA
<p></p>
<b>Nº PROCESSO SEUMA:</b></br> 
1212/2013
<p></p>
<b>Nº ALVARÁ DE CONSTRUÇÃO:</b></br> 
472
<p></p>
<b>ATIVIDADE:</b></br>
Residencial Multifamiliar (prédio de apartamentos)
<p></p>
<b>ÍNDICE DE APROVEITAMENTO OUTORGADO:</b></br> 
0,50
<p></p>
<b>VALOR DA OUTORGA:</b></br> 
R$ 111.488,30",OODC
20,2023-01-01,Guararapes,80467.02,-3.7622,-38.4851,"<b>REQUERENTE:</b></br>	
B2B Guararapes Empreendimentos Imobiliários SPE LTDA
<p></p>
<b>Nº PROCESSO SEUMA:</b></br> 
4138/2014 
<p></p>
<b>Nº ALVARÁ DE CONSTRUÇÃO:</b></br> 
951
<p></p>
<b>ATIVIDADE:</b></br>
Residencial Multifamiliar (prédio de apartamentos)
<p></p>
<b>ÍNDICE DE APROVEITAMENTO OUTORGADO:</b></br> 
0,50
<p></p>
<b>VALOR DA OUTORGA:</b></br> 
R$ 80.467,02",OODC
21,2023-01-01,São João do Tauape,267750.13,-3.7508,-38.4916,"<b>REQUERENTE:</b></br>	
Salinas Empreendimento Imobiliário SPE LTDA
<p></p>
<b>Nº PROCESSO SEUMA:</b></br> 
28310/2013
<p></p>
<b>Nº ALVARÁ DE CONSTRUÇÃO:</b></br> 
710
<p></p>
<b>ATIVIDADE:</b></br>
Residencial Multifamiliar (prédio de apartamentos)
<p></p>
<b>ÍNDICE DE APROVEITAMENTO OUTORGADO:</b></br> 
1,00
<p></p>
<b>VALOR DA OUTORGA:</b></br> 
R$ 267.750,13",OODC
22,2023-01-01,Edson Queiroz,129306.76,-3.7758,-38.4779,"<b>REQUERENTE:</b></br>	
Engexata Engenharia LTDA
<p></p>
<b>Nº PROCESSO SEUMA:</b></br> 
18707/2013
<p></p>
<b>Nº ALVARÁ DE CONSTRUÇÃO:</b></br> 
41
<p></p>
<b>ATIVIDADE:</b></br>
Hospedagem
<p></p>
<b>ÍNDICE DE APROVEITAMENTO OUTORGADO:</b></br> 
0,50
<p></p>
<b>VALOR DA OUTORGA:</b></br> 
R$ 129.306,76",OODC
23,2023-01-01,José Bonifácio,23874.01,-3.7395,-38.5271,"<b>REQUERENTE:</b></br>	
Tâmara Construtora LTDA ME
<p></p>
<b>Nº PROCESSO SEUMA:</b></br> 
21803/2013
<p></p>
<b>Nº ALVARÁ DE CONSTRUÇÃO:</b></br> 
144
<p></p>
<b>ATIVIDADE:</b></br>
Residencial Multifamiliar (prédio de apartamentos)
<p></p>
<b>ÍNDICE DE APROVEITAMENTO OUTORGADO:</b></br> 
0,53
<p></p>
<b>VALOR DA OUTORGA:</b></br> 
R$ 23.874,01",OODC
24,2023-01-01,Papicu,53119.28,-3.7361,-38.477,"<b>REQUERENTE:</b></br>	
F.F. Agropecuária e Empreendimentos S/A
<p></p>
<b>Nº PROCESSO SEUMA:</b></br> 
23490/2013
<p></p>
<b>Nº ALVARÁ DE CONSTRUÇÃO:</b></br> 
342
<p></p>
<b>ATIVIDADE:</b></br>
Residencial Multifamiliar (prédio de apartamentos)
<p></p>
<b>ÍNDICE DE APROVEITAMENTO OUTORGADO:</b></br> 
0,72
<p></p>
<b>VALOR DA OUTORGA:</b></br> 
R$ 53.119,28",OODC
25,2023-01-01,Papicu,83642.94,-3.742,-38.4764,"<b>REQUERENTE:</b></br>	
Idibra Participações LTDA
<p></p>
<b>Nº PROCESSO SEUMA:</b></br> 
28345/2008 e 10185/2017
<p></p>
<b>Nº ALVARÁ DE CONSTRUÇÃO:</b></br> 
23298
<p></p>
<b>ATIVIDADE:</b></br>
Residencial Multifamiliar (prédio de apartamentos)
<p></p>
<b>ÍNDICE DE APROVEITAMENTO OUTORGADO:</b></br> 
0,10
<p></p>
<b>VALOR DA OUTORGA:</b></br> 
R$ 83.642,94",OODC
26,2023-01-01,Fátima,142331.47,-3.7505,-38.5267,"<b>REQUERENTE:</b></br>	
SPE Esplanada Empreendimentos Imobiliários LTDA
<p></p>
<b>Nº PROCESSO SEUMA:</b></br> 
5039/2014
<p></p>
<b>Nº ALVARÁ DE CONSTRUÇÃO:</b></br> 
170
<p></p>
<b>ATIVIDADE:</b></br>
Residencial Multifamiliar (prédio de apartamentos)
<p></p>
<b>ÍNDICE DE APROVEITAMENTO OUTORGADO:</b></br> 
1,00
<p></p>
<b>VALOR DA OUTORGA:</b></br> 
R$ 142.331,47",OODC
27,2023-01-01,Fátima,176487.26,-3.7546,-38.5248,"<b>REQUERENTE:</b></br>	
PMM Empreendimentos Imobiliários SPE LTDA
<p></p>
<b>Nº PROCESSO SEUMA:</b></br> 
10308/2015
<p></p>
<b>Nº ALVARÁ DE CONSTRUÇÃO:</b></br> 
516
<p></p>
<b>ATIVIDADE:</b></br>
Residencial Multifamiliar (prédio de apartamentos)
<p></p>
<b>ÍNDICE DE APROVEITAMENTO OUTORGADO:</b></br> 
1,00
<p></p>
<b>VALOR DA OUTORGA:</b></br> 
R$ 54.654,25 (outubro/2015)</br> 
R$ 33.589,38 (novembro/2015)</br> 
R$ 88.243,63 (total)",OODC
28,2023-01-01,Fátima,35001.15,-3.7471,-38.5289,"<b>REQUERENTE:</b></br>	
Construtora Columbia LTDA
<p></p>
<b>Nº PROCESSO SEUMA:</b></br> 
15703/2015
<p></p>
<b>Nº ALVARÁ DE CONSTRUÇÃO:</b></br> 
159
<p></p>
<b>ATIVIDADE:</b></br>
Residencial Multifamiliar (prédio de apartamentos)
<p></p>
<b>ÍNDICE DE APROVEITAMENTO OUTORGADO:</b></br> 
0,90
<p></p>
<b>VALOR DA OUTORGA:</b></br> 
R$ 35.001,15",OODC
29,2023-01-01,Fátima,29609.6,-3.7538,-38.5273,"<b>REQUERENTE:</b></br>	
Construtora e Imobiliária Britacet LTDA
<p></p>
<b>Nº PROCESSO SEUMA:</b></br> 
993/2016
<p></p>
<b>Nº ALVARÁ DE CONSTRUÇÃO:</b></br> 
184
<p></p>
<b>ATIVIDADE:</b></br>
Residencial Multifamiliar (prédio de apartamentos)
<p></p>
<b>ÍNDICE DE APROVEITAMENTO OUTORGADO:</b></br> 
0,64
<p></p>
<b>VALOR DA OUTORGA:</b></br> 
R$ 29.609,60",OODC
30,2023-01-01,Cocó,207766.74,-3.7476,-38.4716,"<b>REQUERENTE:</b></br>	
C Rolim Engenharia LTDA
<p></p>
<b>Nº PROCESSO SEUMA:</b></br> 
16136/2015
<p></p>
<b>Nº ALVARÁ DE CONSTRUÇÃO:</b></br> 
182
<p></p>
<b>ATIVIDADE:</b></br>
Residencial Multifamiliar (prédio de apartamentos)
<p></p>
<b>ÍNDICE DE APROVEITAMENTO OUTORGADO:</b></br> 
1,00
<p></p>
<b>VALOR DA OUTORGA:</b></br> 
R$ 207.766,74",OODC
31,2023-01-01,Guararapes,109188.95,-3.7616,-38.4835,"<b>REQUERENTE:</b></br>	
Idibra Participações S/A
<p></p>
<b>Nº PROCESSO SEUMA:</b></br> 
5274/2014 e 3753/2018
<p></p>
<b>Nº ALVARÁ DE CONSTRUÇÃO:</b></br> 
230
<p></p>
<b>ATIVIDADE:</b></br>
Comércio e Serviços Mútiplos
<p></p>
<b>ÍNDICE DE APROVEITAMENTO OUTORGADO:</b></br> 
0,2
<p></p>
<b>VALOR DA OUTORGA:</b></br> 
R$ 109.188,95",OODC
32,2023-01-01,Guararapes,233753.87,-3.7668,-38.4938,"<b>REQUERENTE:</b></br>	
Associação de Poupança e Empréstimo Poupex
<p></p>
<b>Nº PROCESSO SEUMA:</b></br> 
10535/2015
<p></p>
<b>Nº ALVARÁ DE CONSTRUÇÃO:</b></br> 
170
<p></p>
<b>ATIVIDADE:</b></br>
Residencial Multifamiliar (prédio de apartamentos)
<p></p>
<b>ÍNDICE DE APROVEITAMENTO OUTORGADO:</b></br> 
0,54
<p></p>
<b>VALOR DA OUTORGA:</b></br> 
R$ 233.753,87",OODC
33,2023-01-01,Cambeba,481473.28,-3.8062,-38.4884,"<b>REQUERENTE:</b></br>	
Marquise 8 Empreendimentos Imobiliários LTDA
<p></p>
<b>Nº PROCESSO SEUMA:</b></br> 
9065/2011, 12658/2012 e 1727/2017
<p></p>
<b>Nº ALVARÁ DE CONSTRUÇÃO:</b></br> 
195
<p></p>
<b>ATIVIDADE:</b></br>
Residencial Multifamiliar (prédio de apartamentos)
<p></p>
<b>ÍNDICE DE APROVEITAMENTO OUTORGADO:</b></br> 
0,50
<p></p>
<b>VALOR DA OUTORGA:</b></br> 
R$ 481.473,28",OODC
34,2023-01-01,Dionísio Torres,341735.03,-3.7514,-38.5005,"<b>REQUERENTE:</b></br>	
C. Rolim Engenharia LTDA
<p></p>
<b>Nº PROCESSO SEUMA:</b></br> 
3028/2015
<p></p>
<b>Nº ALVARÁ DE CONSTRUÇÃO:</b></br> 
360
<p></p>
<b>ATIVIDADE:</b></br>
Comércio e Serviços Múltiplos
<p></p>
<b>ÍNDICE DE APROVEITAMENTO OUTORGADO:</b></br> 
0,50
<p></p>
<b>VALOR DA OUTORGA:</b></br> 
R$ 341.735,03",OODC
35,2023-01-01,Vicente Pinzon,40485.77,-3.7317,-38.4802,"<b>REQUERENTE:</b></br>	
Francisco José Pontes
<p></p>
<b>Nº PROCESSO SEUMA:</b></br> 
27718/2013
<p></p>
<b>Nº ALVARÁ DE CONSTRUÇÃO:</b></br> 
125
<p></p>
<b>ATIVIDADE:</b></br>
Residencial Multifamiliar (prédio de apartamentos)
<p></p>
<b>ÍNDICE DE APROVEITAMENTO OUTORGADO:</b></br> 
0,71
<p></p>
<b>VALOR DA OUTORGA:</b></br> 
R$ 40.485,77",OODC
36,2023-01-01,Fátima,18544.44,-3.7523,-38.5209,"<b>REQUERENTE:</b></br>	
ST Contruções LTDA EPP
<p></p>
<b>Nº PROCESSO SEUMA:</b></br> 
7728/2015
<p></p>
<b>Nº ALVARÁ DE CONSTRUÇÃO:</b></br> 
10
<p></p>
<b>ATIVIDADE:</b></br>
Residencial Multifamiliar (prédio de apartamentos)
<p></p>
<b>ÍNDICE DE APROVEITAMENTO OUTORGADO:</b></br> 
0,58
<p></p>
<b>VALOR DA OUTORGA:</b></br> 
R$ 18.544,44",OODC
37,2023-01-01,Luciano Cavalcante,8318.94,-3.7782,-38.4858,"<b>REQUERENTE:</b></br>	
Monteplan Engenharia LTDA
<p></p>
<b>Nº PROCESSO SEUMA:</b></br> 
6195/2019 e 7846/2019
<p></p>
<b>Nº ALVARÁ DE CONSTRUÇÃO:</b></br> 
487
<p></p>
<b>ATIVIDADE:</b></br>
Residencial Multifamiliar (prédio de apartamentos)
<p></p>
<b>ÍNDICE DE APROVEITAMENTO OUTORGADO:</b></br> 
0,10
<p></p>
<b>VALOR DA OUTORGA:</b></br> 
R$ 8.318,94",OODC
38,2023-01-01,Meireles,0.0,-3.7328,-38.498,"<b>REQUERENTE:</b></br>	
Solar Praça Portugal Empreendimentos Imobiliários S.A.
<p></p>
<b>Nº PROCESSO SEUMA:</b></br> 
10127/2017, 6012/2018 e 9247/2018
<p></p>
<b>Nº ALVARÁ DE CONSTRUÇÃO:</b></br> 
50
<p></p>
<b>ATIVIDADE:</b></br>
Residencial Multifamiliar (prédio de apartamentos)
<p></p>
<p></p>
<b>ÍNDICE DE APROVEITAMENTO OUTORGADO:</b></br> 
0,85
<p></p>
<b>VALOR DA OUTORGA:</b></br> 
Pagamento através do instrumento de Outorga Onerosa de Alteração de Uso do Solo (OOAU)",OODC
39,2023-01-01,Luciano Cavalcante,10777.36,-3.7805,-38.4839,"<b>REQUERENTE:</b></br>	
Ápice Ravello Construtora LTDA
<p></p>
<b>N° PROCESSO SEUMA</b></br>
9646/2018
<p></p>
<b>Nº ALVARÁ DE CONSTRUÇÃO:</b></br> 
AC00000829/2018
<p></p>
<b>ATIVIDADE:</b></br>
Residencial Multifamiliar (prédio de apartamentos)
<p></p>
<b>ÍNDICE DE APROVEITAMENTO OUTORGADO:</b></br> 
0,10
<p></p>
<b>VALOR DA OUTORGA:</b></br> 
R$ 10.777,36",OODC
40,2023-01-01,Cocó,339707.56,-3.7461,-38.4767,"<b>REQUERENTE:</b></br>	
Varandas do Bosque Empreendimentos Imobiliários LTDA
<p></p>
<b>N° PROCESSO SEUMA:</b></br>
6977/2016 e 11570/2017
<p></p>
<b>Nº ALVARÁ DE CONSTRUÇÃO:</b></br> 
AC00000400/2017
<p></p>
<b>ATIVIDADE:</b></br>
Residencial Multifamiliar (prédio de apartamentos)
<p></p>
<b>ÍNDICE DE APROVEITAMENTO OUTORGADO:</b></br> 
1,00
<p></p>
<b>VALOR DA OUTORGA:</b></br> 
R$ 339.707,56",OODC
41,2023-01-01,Cidade dos Funcionários,168207.14,-3.7999,-38.4889,"<b>REQUERENTE:</b></br>	
Lago Jacarey Empreendimento Imobiliário Ltda
<p></p>
<b>Nº PROCESSO:</b></br> 
20043/2015 - SEUMA
<p></p>
<b>Nº ALVARÁ DE CONSTRUÇÃO:</b></br> 
3
<p></p>
<b>ATIVIDADE:</b></br>
Residencial Multifamiliar (prédio de apartamentos)
<p></p>
<b>ÍNDICE DE APROVEITAMENTO OUTORGADO:</b></br> 
0,39
<p></p>
<b>VALOR DA OUTORGA:</b></br> 
R$ 168.207,14",OODC
42,2023-01-01,Mucuripe,367376.12,-3.729,-38.4887,"<b>REQUERENTE:</b></br>	
Construtora R. Miranda LTDA
<p></p>
<b>N° PROCESSO SEUMA:</b></br>
8061/2018
<p></p>
<b>Nº ALVARÁ DE CONSTRUÇÃO:</b></br> 
AC00000821/2018
<p></p>
<b>ATIVIDADE:</b></br>
Residencial Multifamiliar (prédio de apartamentos)
<p></p>
<b>ÍNDICE DE APROVEITAMENTO OUTORGADO:</b></br> 
0,49
<p></p>
<b>VALOR DA OUTORGA:</b></br> 
R$ 367.376,12",OODC
43,2023-01-01,Mucuripe,0.0,-3.7252,-38.4857,"<b>REQUERENTE:</b></br>	
Construtora ARA
<p></p>
<b>Nº PROCESSO SEUMA:</b></br> 
2834/2017 e 10067/2019
<p></p>
<b>Nº ALVARÁ DE CONSTRUÇÃO:</b></br> 
Ainda não foi emitido
<p></p>
<b>ATIVIDADE:</b></br>
Hotel Residência (apart-hotel e flat service)
<p></p>
<b>ÍNDICE DE APROVEITAMENTO OUTORGADO:</b></br> 
0,95
<p></p>
<b>VALOR DA OUTORGA:</b></br> 
Pagamento através do instrumento de Outorga Onerosa de Alteração de Uso do Solo (OOAU)",OODC
44,2023-01-01,Joaquim Távora,274126.01,-3.7388,-38.5207,"<b>REQUERENTE:</b></br>	
Residencial Reserva Arboreto Empreendimentos Imobiliários SPE LTDA - EPP
<p></p>
<b>Nº PROCESSO SEUMA:</b></br> 
11671/2015
<p></p>
<b>Nº ALVARÁ DE CONSTRUÇÃO:</b></br> 
41
<p></p>
<b>ATIVIDADE:</b></br>
Residencial Multifamiliar (prédio de apartamentos)
<p></p>
<b>ÍNDICE DE APROVEITAMENTO OUTORGADO:</b></br> 
1,00
<p></p>
<b>VALOR DA OUTORGA:</b></br> 
R$ 274.126,01",OODC
45,2023-01-01,Papicu,85571.48,-3.738,-38.475,"<b>REQUERENTE:</b></br>	
Boghos Boydjian
<p></p>
<b>Nº PROCESSO SEUMA:</b></br> 
16667/2016
<p></p>
<b>Nº ALVARÁ DE CONSTRUÇÃO:</b></br> 
22
<p></p>
<b>ATIVIDADE:</b></br>
Residencial Multifamiliar (prédio de apartamentos)
<p></p>
<b>ÍNDICE DE APROVEITAMENTO OUTORGADO:</b></br> 
1,00
<p></p>
<b>VALOR DA OUTORGA:</b></br> 
R$ 85.571,48",OODC
46,2023-01-01,Aldeota,1382334.64,-3.7344,-38.5001,"<b>REQUERENTE:</b></br>	
Legacy Condominium Empreendimentos Imobiliários LTDA
<p></p>
<b>N° PROCESSO SEUMA:</b></br>
14748/2019
<p></p>
<b>Nº ALVARÁ DE CONSTRUÇÃO:</b></br> 
AC00001161/2019
<p></p>
<b>ATIVIDADE:</b></br>
Residencial Multifamiliar (prédio de apartamentos)
<p></p>
<b>ÍNDICE DE APROVEITAMENTO OUTORGADO:</b></br> 
1,54
<p></p>
<b>VALOR DA OUTORGA:</b></br> 
R$ 1.382.334,64",OODC
47,2023-01-01,Luciano Cavalcante,39193.77,-3.7723,-38.4846,"<b>REQUERENTE:</b></br>	
JS 134 Empreendimento Imobiliário LTDA
<p></p>
<b>Nº PROCESSO FORTALEZA ONLINE:</b></br> 
RAC2021378263 
<p></p>
<b>Nº ALVARÁ DE CONSTRUÇÃO:</b></br> 
AC00002079/2021
<p></p>
<b>ATIVIDADE:</b></br>
Residencial Multifamiliar (unidades compactas)
<p></p>
<b>ÍNDICE DE APROVEITAMENTO OUTORGADO:</b></br> 
0,47
<p></p>
<b>VALOR DA OUTORGA:</b></br> 
R$ 39.193,77",OODC
48,2023-01-01,Meireles,1881759.75,-3.7315,-38.4939,"<b>REQUERENTE:</b></br>	
Mota Machado e Oregon SPE 48 Construções e Incorporações LTDA
<p></p>
<b>N° PROCESSO SEUMA:</b></br>
17089/2017 e 8383/2018
<p></p>
<b>Nº ALVARÁ DE CONSTRUÇÃO:</b></br> 
AC00000858/2018
<p></p>
<b>ATIVIDADE:</b></br>
Residencial Multifamiliar (prédio de apartamentos)
<p></p>
<b>ÍNDICE DE APROVEITAMENTO OUTORGADO:</b></br> 
1,54
<p></p>
<b>VALOR DA OUTORGA:</b></br> 
R$ 1.881.759,75",OODC
49,2023-01-01,Meireles,629801.19,-3.7325,-38.4952,"<b>REQUERENTE:</b></br>	
Evolution 1 Empreendimentos Imobiliários LTDA
<p></p>
<b>N° PROCESSO SEUMA:</b></br>
2819/2018 e 11976/2018
<p></p>
<b>Nº ALVARÁ DE CONSTRUÇÃO:</b></br> 
AC00000888/2018 
<p></p>
<b>ATIVIDADE:</b></br>
Residencial Multifamiliar (prédio de apartamentos)
<p></p>
<b>ÍNDICE DE APROVEITAMENTO OUTORGADO:</b></br> 
1,32
<p></p>
<b>VALOR DA OUTORGA:</b></br> 
R$ 629.801,19",OODC
50,2023-01-01,Cocó,106425.33,-3.7482,-38.4754,"<b>REQUERENTE:</b></br>	
Flamboyant Empreendimentos Imobiliários SPE LTDA
<p></p>
<b>N° PROCESSO FORTALEZA ONLINE:</b></br> 
RAC2020334031 
<p></p>
<b>Nº ALVARÁ DE CONSTRUÇÃO:</b></br> 
AC00001792/2020
<p></p>
<b>ATIVIDADE:</b></br>
Residencial Multifamiliar (unidades compactas) e Comércio Varejista de Mercadorias em geral
<p></p>
<b>ÍNDICE DE APROVEITAMENTO OUTORGADO:</b></br> 
1,02
<p></p>
<b>VALOR DA OUTORGA:</b></br> 
R$ 106.425,33",OODC
51,2023-01-01,Dionísio Torres,432034.85,-3.7467,-38.494,"<b>REQUERENTE:</b></br>	
Tribeca Empreendimentos Imobiliários SPE LTDA
<p></p>
<b>Nº PROCESSO SEUMA:</b></br> 
27535/2013
<p></p>
<b>Nº ALVARÁ DE CONSTRUÇÃO:</b></br> 
AC00001295/2019
<p></p>
<b>ATIVIDADE:</b></br>
Residencial Multifamiliar (prédio de apartamentos)
<p></p>
<b>ÍNDICE DE APROVEITAMENTO OUTORGADO:</b></br> 
1,00
<p></p>
<b>VALOR DA OUTORGA:</b></br> 
R$ 432.034,85",OODC
52,2023-01-01,Cidade dos Funcionários,12499.31,-3.7947,-38.5061,"<b>REQUERENTE:</b></br>	
Julio Cesar Fonseca
<p></p>
<b>Nº PROCESSO FORTALEZA ONLINE:</b></br>
RAC2020367763
<p></p>
<b>Nº ALVARÁ DE CONSTRUÇÃO:</b></br> 
AC00002014/2020
<p></p>
<b>ATIVIDADE:</b></br>
Residencial Multifamiliar (prédio de apartamentos)
<p></p>
<b>ÍNDICE DE APROVEITAMENTO OUTORGADO:</b></br> 
0,50
<p></p>
<b>VALOR DA OUTORGA:</b></br> 
R$ 12.499,31",OODC
53,2023-01-01,Sapiranga,86697.0,-3.7975,-38.4787,"<b>REQUERENTE:</b></br>	
Corinthus Construtora e Imobiliária LTDA
<p></p>
<b>Nº PROCESSO SEUMA:</b></br> 
981/2013
<p></p>
<b>Nº ALVARÁ DE CONSTRUÇÃO:</b></br> 
216
<p></p>
<b>ATIVIDADE:</b></br>
Residencial Multifamiliar (prédio de apartamentos)
<p></p>
<b>ÍNDICE DE APROVEITAMENTO OUTORGADO:</b></br> 
0,50
<p></p>
<b>VALOR DA OUTORGA:</b></br> 
R$ 86.697,00",OODC
54,2023-01-01,Centro,41981.94,-3.7349,-38.5207,"<b>REQUERENTE:</b></br>	
HAPVIDA Assistência Médica LTDA
<p></p>
<b>Nº PROCESSO SEUMA:</b></br> 
S2020000360
<p></p>
<b>Nº ALVARÁ DE CONSTRUÇÃO:</b></br> 
AC00001776/2020
<p></p>
<b>ATIVIDADE:</b></br>
Plano de Saúde
<p></p>
<b>ÍNDICE DE APROVEITAMENTO OUTORGADO:</b></br> 
0,88
<p></p>
<b>VALOR DA OUTORGA:</b></br> 
R$ 41.981,94",OODC
55,2023-01-01,Fátima,32568.38,-3.7508,-38.5227,"<b>REQUERENTE:</b></br>	
Construtora Lira Coutinho LTDA
<p></p>
<b>Nº PROCESSO SEUMA:</b></br> 
4370/2010 e 11935/2016
<p></p>
<b>Nº ALVARÁ DE CONSTRUÇÃO:</b></br> 
948
<p></p>
<b>ATIVIDADE:</b></br>
Residencial Multifamiliar (prédio de apartamentos)
<p></p>
<b>ÍNDICE DE APROVEITAMENTO OUTORGADO:</b></br> 
0,44
<p></p>
<b>VALOR DA OUTORGA:</b></br> 
R$ 32.568,38",OODC
56,2023-01-01,Fátima,302208.17,-3.7486,-38.5244,"<b>REQUERENTE:</b></br>	
MD CE Fátima Costruções LTDA
<p></p>
<b>Nº PROCESSO FORTALEZA ONLINE:</b></br> 
RAC2022459535 
<p></p>
<b>Nº ALVARÁ DE CONSTRUÇÃO:</b></br> 
AC00002671/2022
<p></p>
<b>ATIVIDADE:</b></br>
Residencial Multifamiliar (prédio de apartamentos) 
<p></p>
<b>ÍNDICE DE APROVEITAMENTO OUTORGADO:</b></br> 
0,80 + 0,20 = 1,00
<p></p>
<b>VALOR DA OUTORGA:</b></br> 
R$ 236.831,39 + R$ 65.376,78 = R$ 302.208,17",OODC
57,2023-01-01,Aldeota,1707339.0,-3.7379,-38.4976,"<b>REQUERENTE:</b></br>	
Alves Lima SPE 03 Incorporações Barbosa de Freitas
<p></p>
<b>Nº PROCESSO:</b></br> 
S2021024783
<p></p>
<b>Nº ALVARÁ DE CONSTRUÇÃO:</b></br> 
AC00002717/2022
<p></p>
<b>ATIVIDADE:</b></br>
Residencial Multifamiliar (prédio de apartamentos) 
<p></p>
<b>ÍNDICE DE APROVEITAMENTO OUTORGADO:</b></br> 
1,5
<p></p>
<b>VALOR DA OUTORGA:</b></br> 
R$ 1.707.339,00",OODC
58,2023-01-01,Cocó,278953.28,-3.7431,-38.4848,"<b>REQUERENTE:</b></br>	
BS Giovana Empreendimento Imobiliário LTDA
<p></p>
<b>Nº PROCESSO FORTALEZA ONLINE:</b></br> 
RAC2021393557
<p></p>
<b>Nº ALVARÁ DE CONSTRUÇÃO:</b></br> 
AC00002201/2021
<p></p>
<b>ATIVIDADE:</b></br>
Residencial Multifamiliar (prédio de apartamentos)
<p></p>
<b>ÍNDICE DE APROVEITAMENTO OUTORGADO:</b></br> 
1,04
<p></p>
<b>VALOR DA OUTORGA:</b></br> 
R$ 278.953,28",OODC
59,2023-01-01,Cambeba,0.0,-3.8116,-38.483,"<b>REQUERENTE:</b></br>	
Pronefron Participações LTDA 
<p></p>
<b>Nº PROCESSO SEUMA:</b></br> 
S2020006414
<p></p>
<b>Nº ALVARÁ DE CONSTRUÇÃO:</b></br> 
Ainda não foi emitido
<p></p>
<b>ATIVIDADE:</b></br>
Clínica sem internamento (médica, odontológica, psicológica, etc)
<p></p>
<b>ÍNDICE DE APROVEITAMENTO OUTORGADO:</b></br> 
0,20
<p></p>
<b>VALOR DA OUTORGA:</b></br> 
Pagamento através do instrumento de Outorga Onerosa de Alteração de Uso do Solo (OOAU)",OODC
60,2023-01-01,Cidade dos Funcionários,2026.5,-3.7927,-38.4966,"<b>REQUERENTE:</b></br>	
Antônio Pires de Sousa 
<p></p>
<b>Nº PROCESSO FORTALEZA ONLINE:</b></br> 
RAC2021395709
<p></p>
<b>Nº ALVARÁ DE CONSTRUÇÃO:</b></br> 
AC00002208/2021
<p></p>
<b>ATIVIDADE:</b></br>
Residencial Multifamiliar (unidades compactas)
<p></p>
<b>ÍNDICE DE APROVEITAMENTO OUTORGADO:</b></br> 
0,17
<p></p>
<b>VALOR DA OUTORGA:</b></br> 
R$ 2.026,50",OODC
61,2023-01-01,São João do Tauape,107293.39,-3.7534,-38.5103,"<b>REQUERENTE:</b></br>	
3333 Empreendimentos Imobiliários SPE LTDA 
<p></p>
<b>Nº PROCESSO FORTALEZA ONLINE:</b></br> 
RAC2021400506
<p></p>
<b>Nº ALVARÁ DE CONSTRUÇÃO:</b></br> 
AC00002337/2021
<p></p>
<b>ATIVIDADE:</b></br>
Residencial Multifamiliar (unidades compactas) 
<p></p>
<b>ÍNDICE DE APROVEITAMENTO OUTORGADO:</b></br> 
1,00
<p></p>
<b>VALOR DA OUTORGA:</b></br> 
R$ 107.293,39",OODC
62,2023-01-01,Sapiranga,665101.5,-3.7949,-38.4779,"<b>REQUERENTE:</b></br>	
Marquise 13 Empreendimentos Imobiliários LTDA
<p></p>
<b>Nº PROCESSO FORTALEZA ONLINE:</b></br> 
RAC2022460807
<p></p>
<b>Nº ALVARÁ DE CONSTRUÇÃO:</b></br> 
AC00002775/2022
<p></p>
<b>ATIVIDADE:</b></br>
Residencial Multifamiliar (unidades compactas) 
<p></p>
<b>ÍNDICE DE APROVEITAMENTO OUTORGADO:</b></br> 
0,49
<p></p>
<b>VALOR DA OUTORGA:</b></br> 
R$ 665.101,50",OODC
63,2023-01-01,Joaquim Távora,85333.04,-3.739,-38.5201,"<b>REQUERENTE:</b></br>	
BS Jade Empreendimento Imobiliário LTDA
<p></p>
<b>Nº PROCESSO FORTALEZA ONLINE:</b></br> 
RAC2021450803 
<p></p>
<b>Nº ALVARÁ DE CONSTRUÇÃO:</b></br> 
AC00002611/2021
<p></p>
<b>ATIVIDADE:</b></br>
Residencial Multifamiliar (prédio de apartamentos) 
<p></p>
<b>ÍNDICE DE APROVEITAMENTO OUTORGADO:</b></br> 
0,56
<p></p>
<b>VALOR DA OUTORGA:</b></br> 
R$ 85.333,04",OODC
64,2023-01-01,José Bonifácio,325159.31,-3.7405,-38.5257,"<b>REQUERENTE:</b></br>	
KIC - Fortaleza SPE construções e incorporações LTDA
<p></p>
<b>Nº PROCESSO SEUMA:</b></br> 
S2021014571 
<p></p>
<b>Nº ALVARÁ DE CONSTRUÇÃO:</b></br> 
AC00002379/2021
<p></p>
<b>ATIVIDADE:</b></br>
Residencial Multifamiliar (prédio de apartamentos)
<p></p>
<b>ÍNDICE DE APROVEITAMENTO OUTORGADO:</b></br> 
1,00
<p></p>
<b>VALOR DA OUTORGA:</b></br> 
R$ 325.159,31",OODC
65,2023-01-01,Aldeota,1136257.5,-3.7397,-38.495,"<b>REQUERENTE:</b></br>	
RCB Incorporação e Construção LTDA
<p></p>
<b>Nº PROCESSO SEUMA:</b></br> 
S2021020758
<p></p>
<b>Nº ALVARÁ DE CONSTRUÇÃO:</b></br> 
Ainda não emitido
<p></p>
<b>ATIVIDADE:</b></br>
Residencial Multifamiliar (prédio de apartamentos) 
<p></p>
<b>ÍNDICE DE APROVEITAMENTO OUTORGADO:</b></br> 
1,50
<p></p>
<b>VALOR DA OUTORGA:</b></br> 
R$ 983.026,38 - substituição dessa contrapartida financeira da OODC pela execução do equipamento público Escola Areninha do Cuca Pici  R$ 1.136.257,50. O requerente aceita arcar com essa diferença de R$ 153.231,12.
<p></p>
<b>REUNIÃO CPPD:</b></br> 
Aprovado na 138ª reunião, em 27/04/2022
<p></p>
<b>Nº TERMO DE COMPROMISSO:</b></br>
Termo ainda não assinado",OODC
66,2023-01-01,Aldeota,1584698.62,-3.7338,-38.4979,"<b>REQUERENTE:</b></br> 
Praça Empreendimento Imobiliaria SPE
<p></p>
<b>Nº PROCESSO FORTALEZA ONLINE:</b></br> 
RAC2022494954 
<p></p>
<b>Nº ALVARÁ DE CONSTRUÇÃO:</b></br> 
AC00002922/2022
<p></p>
<b>ATIVIDADE:</b></br>
Residencial Multifamiliar (prédio de apartamentos)
<p></p>
<b>ÍNDICE DE APROVEITAMENTO OUTORGADO:</b></br> 
1,46
<p></p>
<b>VALOR DA OUTORGA:</b></br> 
R$ 1.584.698,62",OODC
67,2023-01-01,Aldeota,1472628.75,-3.7364,-38.4913,"<b>REQUERENTE:</b></br> 
KIC - Fortaleza SPE 3 Construções e Incorporações LTDA
<p></p>
<b>Nº PROCESSO FORTALEZA ONLINE:</b></br> 
RAC2022521186 
<p></p>
<b>Nº ALVARÁ DE CONSTRUÇÃO:</b></br> 
AC00003212/2022
<p></p>
<b>ATIVIDADE:</b></br>
Residência Multifamiliar (unidades compactas)
Residência Multifamiliar (prédio de apartamentos)
<p></p>
<b>ÍNDICE DE APROVEITAMENTO OUTORGADO:</b></br> 
1,49
<p></p>
<b>VALOR DA OUTORGA:</b></br> 
R$ 1.472.628,75",OODC
68,2023-01-01,Meireles,767959.25,-3.7274,-38.5018,"<b>REQUERENTE:</b></br>	
Marquise - Hemisphere Empreendimentos Imobiliários SPE LTDA
<p></p>
<b>N° PROCESSO FORTALEZA ONLINE:</b></br> 
RAC2020361715
<p></p>
<b>Nº ALVARÁ DE CONSTRUÇÃO:</b></br> 
AC00001383/2019
<p></p>
<b>ATIVIDADE:</b></br>
Residencial Multifamiliar (prédio de apartamentos)
<p></p>
<b>ÍNDICE DE APROVEITAMENTO OUTORGADO:</b></br> 
1,13
<p></p>
<b>VALOR DA OUTORGA:</b></br> 
R$ 767.959,25",OODC
69,2023-01-01,Meireles,0.0,-3.7236,-38.5104,"<b>REQUERENTE:</b></br>	
IA Empreendimentos Imobiliários LTDA
<p></p>
<b>Nº PROCESSO SEUMA:</b></br> 
S2020002976
<p></p>
<b>Nº ALVARÁ DE CONSTRUÇÃO:</b></br> 
AC00001957/2020
<p></p>
<b>ATIVIDADE:</b></br>
Flats e apart-hoteis
<p></p>
<b>ÍNDICE DE APROVEITAMENTO OUTORGADO:</b></br> 
0,96
<p></p>
<b>VALOR DA OUTORGA:</b></br> 
Pagamento através do instrumento de Outorga Onerosa de Alteração de Uso do Solo (OOAU)",OODC
70,2023-01-01,Meireles,1652032.38,-3.7313,-38.4976,"<b>REQUERENTE:</b></br>	
Xampoo Construções LTDA
<p></p>
<b>Nº PROCESSO FORTALEZA ONLINE:</b></br> 
RAC2021372306
<p></p>
<b>Nº ALVARÁ DE CONSTRUÇÃO:</b></br> 
AC00002107/2021
<p></p>
<b>ATIVIDADE:</b></br>
Residencial Multifamiliar (prédio de apartamentos)
<p></p>
<b>ÍNDICE DE APROVEITAMENTO OUTORGADO:</b></br> 
1,49
<p></p>
<b>VALOR DA OUTORGA:</b></br> 
R$ 1.652.032,38",OODC
71,2023-01-01,Luciano Cavalcante,17898.69,-3.7726,-38.4934,"<b>REQUERENTE:</b></br>	
PB Construções LTDA
<p></p>
<b>Nº PROCESSO SEUMA:</b></br> 
16757/2013
<p></p>
<b>Nº ALVARÁ DE CONSTRUÇÃO:</b></br> 
171
<p></p>
<b>ATIVIDADE:</b></br>
Residencial Multifamiliar (prédio de apartamentos) 
<p></p>
<b>ÍNDICE DE APROVEITAMENTO OUTORGADO:</b></br> 
0,21
<p></p>
<b>VALOR DA OUTORGA:</b></br> 
R$ 17.898,69",OODC
72,2023-01-01,Luciano Cavalcante,11140.74,-3.7815,-38.4832,"<b>REQUERENTE:</b></br>	
Residencial Alpha Village SPE LTDA
<p></p>
<b>Nº PROCESSO SEUMA:</b></br> 
18892/2013
<p></p>
<b>Nº ALVARÁ DE CONSTRUÇÃO:</b></br> 
95
<p></p>
<b>ATIVIDADE:</b></br>
Residencial Multifamiliar (prédio de apartamentos)
<p></p>
<b>ÍNDICE DE APROVEITAMENTO OUTORGADO:</b></br> 
0,08
<p></p>
<b>VALOR DA OUTORGA:</b></br> 
R$ 11.140,74",OODC
73,2023-01-01,Luciano Cavalcante,186970.1,-3.7719,-38.4924,"<b>REQUERENTE:</b></br>	
Colméia Living Garden Empreendimentos Imobiliários LTDA
<p></p>
<b>Nº PROCESSO SEUMA:</b></br> 
17156/2013
<p></p>
<b>Nº ALVARÁ DE CONSTRUÇÃO:</b></br> 
122
<p></p>
<b>ATIVIDADE:</b></br>
Residencial Multifamiliar (prédio de apartamentos)
<p></p>
<b>ÍNDICE DE APROVEITAMENTO OUTORGADO:</b></br> 
0,23 
<p></p>
<b>VALOR DA OUTORGA:</b></br> 
R$ 186.970,10 
<p></p>",OODC
74,2023-01-01,São João do Tauape,279349.09,-3.7513,-38.4941,"<b>REQUERENTE:</b></br> 
Construtora Columbia LTDA
<p></p>
<b>Nº PROCESSO FORTALEZA ONLINE:</b></br> 
RAC2022523043
<p></p>
<b>Nº ALVARÁ DE CONSTRUÇÃO:</b></br> 
AC00003156/2022
<p></p>
<b>ATIVIDADE:</b></br>
Residência Multifamiliar (prédio de apartamentos)
<p></p>
<b>ÍNDICE DE APROVEITAMENTO OUTORGADO:</b></br> 
0,49
<p></p>
<b>VALOR DA OUTORGA:</b></br> 
R$ 279.349,09",OODC
75,2023-01-01,Aldeota,229019.59,-3.7395,-38.4963,"<b>REQUERENTE:</b></br>	
JS 126 - Empreendimento Imobiliário LTDA
<p></p>
<b>N° PROCESSO SEUMA:</b></br>
15661/2017 e 11051/2018
<p></p>
<b>Nº ALVARÁ DE CONSTRUÇÃO:</b></br> 
AC00000870/2018
<p></p>
<b>ATIVIDADE:</b></br>
Residencial Multifamiliar (prédio de apartamentos)
<p></p>
<b>ÍNDICE DE APROVEITAMENTO OUTORGADO:</b></br> 
0,66
<p></p>
<b>VALOR DA OUTORGA:</b></br> 
R$ 229.019,59",OODC
76,2023-01-01,Aldeota,1839679.25,-3.7399,-38.4977,"<b>REQUERENTE:</b></br>	
BS Flower Empreendimento Imobiliário LTDA
<p></p>
<b>N° PROCESSO FORTALEZA ONLINE:</b></br> 
RAC2020343000
<p></p>
<b>Nº ALVARÁ DE CONSTRUÇÃO:</b></br> 
AC00001854/2020
<p></p>
<b>ATIVIDADE:</b></br>
Residencial Multifamiliar (prédio de apartamentos)
<p></p>
<b>ÍNDICE DE APROVEITAMENTO OUTORGADO:</b></br> 
1,54
<p></p>
<b>VALOR DA OUTORGA:</b></br> 
R$ 1.839.679,25",OODC
77,2023-01-01,Aldeota,1361906.62,-3.736,-38.4942,"<b>REQUERENTE:</b></br>	
De Coronel Linhares Empreendimento Imobiliário SPE LTDA
<p></p>
<b>Nº PROCESSO FORTALEZA ONLINE:</b></br> 
RAC2021388692
<p></p>
<b>Nº ALVARÁ DE CONSTRUÇÃO:</b></br> 
AC00002183/2021
<p></p>
<b>ATIVIDADE:</b></br>
Residencial Multifamiliar (prédio de apartamentos) e Centro de Compras (comércio varejista em geral)
<p></p>
<b>ÍNDICE DE APROVEITAMENTO OUTORGADO:</b></br> 
1,45
<p></p>
<b>VALOR DA OUTORGA:</b></br> 
R$ 1.306.639,88</b></br> 
R$      55.266,74</b></br> 
Total R$ 1.361.906,62",OODC
78,2023-01-01,Luciano Cavalcante,14524.65,-3.7718,-38.486,"<b>REQUERENTE:</b></br>	
East Tower Empreendimentos Imobiliários LTDA
<p></p>
<b>Nº PROCESSO SEUMA:</b></br> 
17188/2012
<p></p>
<b>Nº ALVARÁ DE CONSTRUÇÃO:</b></br> 
150
<p></p>
<b>ATIVIDADE:</b></br>
Residencial Multifamiliar (prédio de apartamentos)
<p></p>
<b>ÍNDICE DE APROVEITAMENTO OUTORGADO:</b></br> 
0,11
<p></p>
<b>VALOR DA OUTORGA:</b></br> 
R$ 14.524,65",OODC
79,2023-01-01,Luciano Cavalcante,37050.19,-3.776,-38.4852,"<b>REQUERENTE:</b></br>	
Renata Empreendimento Imobiliário LTDA
<p></p>
<b>Nº PROCESSO SEUMA:</b></br> 
18906/2013
<p></p>
<b>Nº ALVARÁ DE CONSTRUÇÃO:</b></br> 
198
<p></p>
<b>ATIVIDADE:</b></br>
Residencial Multifamiliar (prédio de apartamentos)
<p></p>
<b>ÍNDICE DE APROVEITAMENTO OUTORGADO:</b></br> 
0,19
<p></p>
<b>VALOR DA OUTORGA:</b></br> 
R$ 37.050,19",OODC
80,2023-01-01,Luciano Cavalcante,35949.89,-3.7793,-38.4834,"<b>REQUERENTE:</b></br>	
Ápice Torreselle Construtora LTDA
<p></p>
<b>Nº PROCESSO SEUMA:</b></br> 
20237/2013
<p></p>
<b>Nº ALVARÁ DE CONSTRUÇÃO:</b></br> 
255
<p></p>
<b>ATIVIDADE:</b></br>
Residencial Multifamiliar (prédio de apartamentos)
<p></p>
<b>ÍNDICE DE APROVEITAMENTO OUTORGADO:</b></br> 
0,48
<p></p>
<b>VALOR DA OUTORGA:</b></br> 
R$ 35.949,89",OODC
81,2023-01-01,Luciano Cavalcante,77317.01,-3.7764,-38.4846,"<b>REQUERENTE:</b></br>	
Ana Maria Empreendimentos Imobiliários LTDA
<p></p>
<b>Nº PROCESSO SEUMA:</b></br> 
18902/2013
<p></p>
<b>Nº ALVARÁ DE CONSTRUÇÃO:</b></br> 
344
<p></p>
<b>ATIVIDADE:</b></br>
Residencial Multifamiliar (prédio de apartamentos)
<p></p>
<b>ÍNDICE DE APROVEITAMENTO OUTORGADO:</b></br> 
0,52
<p></p>
<b>VALOR DA OUTORGA:</b></br> 
R$ 77.317,01",OODC
82,2023-01-01,Luciano Cavalcante,64772.87,-3.7809,-38.4842,"<b>REQUERENTE:</b></br>	
JS 129 Empreendimentos Imobiliários LTDA
<p></p>
<b>Nº PROCESSO SEUMA:</b></br> 
28266/2013
<p></p>
<b>Nº ALVARÁ DE CONSTRUÇÃO:</b></br> 
820
<p></p>
<b>ATIVIDADE:</b></br>
Residencial Multifamiliar (prédio de aoartamentos)
<p></p>
<b>ÍNDICE DE APROVEITAMENTO OUTORGADO:</b></br> 
0,43
<p></p>
<b>VALOR DA OUTORGA:</b></br> 
R$ 64.772,87",OODC
83,2023-01-01,Luciano Cavalcante,46326.79,-3.7754,-38.4888,"<b>REQUERENTE:</b></br>	
Túlio Madson Arruda Coelho
<p></p>
<b>Nº PROCESSO SEUMA:</b></br> 
23754/2013
<p></p>
<b>Nº ALVARÁ DE CONSTRUÇÃO:</b></br> 
202
<p></p>
<b>ATIVIDADE:</b></br>
Residencial Multifamiliar (prédio de apartamentos)
<p></p>
<b>ÍNDICE DE APROVEITAMENTO OUTORGADO:</b></br> 
0,50
<p></p>
<b>VALOR DA OUTORGA:</b></br> 
R$ 46.326,79",OODC
84,2023-01-01,Luciano Cavalcante,25149.88,-3.7734,-38.4913,"<b>REQUERENTE:</b></br>	
José Wagner Teixeira Imóveis e Incorporações LTDA
<p></p>
<b>Nº PROCESSO SEUMA:</b></br> 
2259/2013
<p></p>
<b>Nº ALVARÁ DE CONSTRUÇÃO:</b></br> 
176
<p></p>
<b>ATIVIDADE:</b></br>
Residencial Multifamiliar (prédio de apartamentos)
<p></p>
<b>ÍNDICE DE APROVEITAMENTO OUTORGADO:</b></br> 
0,30
<p></p>
<b>VALOR DA OUTORGA:</b></br> 
R$ 25.149,88",OODC
85,2023-01-01,Luciano Cavalcante,52509.38,-3.7841,-38.4846,"<b>REQUERENTE:</b></br>	
RCI Construções e Empreendimentos Imobiliários SPE - V - EPP
<p></p>
<b>Nº PROCESSO SEUMA:</b></br> 
2911/2014
<p></p>
<b>Nº ALVARÁ DE CONSTRUÇÃO:</b></br> 
243
<p></p>
<b>ATIVIDADE:</b></br>
Residencial Multifamiliar (prédio de apartamentos)
<p></p>
<b>ÍNDICE DE APROVEITAMENTO OUTORGADO:</b></br> 
0,43
<p></p>
<b>VALOR DA OUTORGA:</b></br> 
R$ 52.509,38",OODC
86,2023-01-01,Luciano Cavalcante,7752.87,-3.7782,-38.4859,"<b>REQUERENTE:</b></br>	
Newton Rodrigues de Sousa
<p></p>
<b>Nº PROCESSO SEUMA:</b></br> 
2208/2014
<p></p>
<b>Nº ALVARÁ DE CONSTRUÇÃO:</b></br> 
487
<p></p>
<b>ATIVIDADE:</b></br>
Residencial Multifamiliar (prédio de apartamentos)
<p></p>
<b>ÍNDICE DE APROVEITAMENTO OUTORGADO:</b></br> 
0,12
<p></p>
<b>VALOR DA OUTORGA:</b></br> 
R$ 7.752,87",OODC
87,2023-01-01,Cocó,162796.22,-3.7458,-38.4785,"<b>REQUERENTE:</b></br>	
R & B Construções e Comércio LTDA
<p></p>
<b>Nº PROCESSO SEUMA:</b></br> 
14174/2012 e 11116/2017
<p></p>
<b>Nº ALVARÁ DE CONSTRUÇÃO:</b></br> 
78
<p></p>
<b>ATIVIDADE:</b></br>
Residencial Multifamiliar (prédio de apartamentos)
<p></p>
<b>ÍNDICE DE APROVEITAMENTO OUTORGADO:</b></br> 
1,00
<p></p>
<b>VALOR DA OUTORGA:</b></br> 
R$ 162.796,22",OODC
88,2023-01-01,Cocó,150972.42,-3.7446,-38.4786,"<b>REQUERENTE:</b></br>	
Construtora Ara LTDA
<p></p>
<b>Nº PROCESSO SEUMA:</b></br> 
13460/2012 e 5819/2016
<p></p>
<b>Nº ALVARÁ DE CONSTRUÇÃO:</b></br> 
724
<p></p>
<b>ATIVIDADE:</b></br>
Residencial Multifamiliar (prédio de apartamentos)
<p></p>
<b>ÍNDICE DE APROVEITAMENTO OUTORGADO:</b></br> 
1,00
<p></p>
<b>VALOR DA OUTORGA:</b></br> 
R$ 150.972,42",OODC
89,2023-01-01,Cocó,138510.01,-3.7461,-38.4717,"<b>REQUERENTE:</b></br>	
MD CE José Borba Construções LTDA
<p></p>
<b>Nº PROCESSO SEUMA:</b></br> 
18082/2012 e 19716/2015
<p></p>
<b>Nº ALVARÁ DE CONSTRUÇÃO:</b></br> 
31
<p></p>
<b>ATIVIDADE:</b></br>
Residencial Multifamiliar (prédio de apartamentos)
<p></p>
<b>ÍNDICE DE APROVEITAMENTO OUTORGADO:</b></br> 
0,30
<p></p>
<b>VALOR DA OUTORGA:</b></br> 
R$ 138.510,01",OODC
90,2023-01-01,Cocó,274233.06,-3.7446,-38.4746,"<b>REQUERENTE:</b></br>	
Mirante Plus Residence Empreendimentos Imobiliários SPE LTDA
<p></p>
<b>Nº PROCESSO SEUMA:</b></br> 
17201/2013
<p></p>
<b>Nº ALVARÁ DE CONSTRUÇÃO:</b></br> 
257
<p></p>
<b>ATIVIDADE:</b></br>
Residencial Multifamiliar (prédio de apartamentos) 
<p></p>
<b>ÍNDICE DE APROVEITAMENTO OUTORGADO:</b></br> 
1,00
<p></p>
<b>VALOR DA OUTORGA:</b></br> 
R$ 274.233,06",OODC
91,2023-01-01,Cocó,835216.75,-3.7465,-38.4688,"<b>REQUERENTE:</b></br> 
MD CE Vilebaldo Aguiar Construções LTDA
<p></p>
<b>Nº PROCESSO FORTALEZA ONLINE:</b></br> 
RAC 2022506086 
<p></p>
<b>Nº ALVARÁ DE CONSTRUÇÃO:</b></br> 
AC00003043/2022
<p></p>
<b>ATIVIDADE:</b></br>
Conjunto Habitacional (grupo de prédio de apartamentos)
<p></p>
<b>ÍNDICE DE APROVEITAMENTO OUTORGADO:</b></br> 
0,99
<p></p>
<b>VALOR DA OUTORGA:</b></br> 
R$ 835.216,75",OODC
92,2023-01-01,Guararapes,151080.18,-3.7662,-38.4878,"<b>REQUERENTE:</b></br>	
Mota Machado & Oregon SPE XXIV Construções e Incorporações LTDA
<p></p>
<b>Nº PROCESSO SEUMA:</b></br> 
2012/2013 e 13868/2016
<p></p>
<b>Nº ALVARÁ DE CONSTRUÇÃO:</b></br> 
1085
<p></p>
<b>ATIVIDADE:</b></br>
Residencial Multifamiliar (prédio de apartamentos)
<p></p>
<b>ÍNDICE DE APROVEITAMENTO OUTORGADO:</b></br> 
0,50
<p></p>
<b>VALOR DA OUTORGA:</b></br> 
R$ 151.080,18",OODC
93,2023-01-01,Guararapes,229048.6,-3.7606,-38.49,"<b>REQUERENTE:</b></br>	
Construtora Marquise S/A
<p></p>
<b>Nº PROCESSO SEUMA:</b></br> 
10713/2014
<p></p>
<b>Nº ALVARÁ DE CONSTRUÇÃO:</b></br> 
1471
<p></p>
<b>ATIVIDADE:</b></br>
Residencial Multifamiliar (prédio de apartamentos)
<p></p>
<b>ÍNDICE DE APROVEITAMENTO OUTORGADO:</b></br> 
0,50
<p></p>
<b>VALOR DA OUTORGA:</b></br> 
R$ 229.048,60",OODC
94,2023-01-01,Guararapes,155125.7,-3.7624,-38.4882,"<b>REQUERENTE:</b></br>	
Guararapes I Empreendimentos Imobiliário LTDA
<p></p>
<b>Nº PROCESSO SEUMA:</b></br> 
7718/2014
<p></p>
<b>Nº ALVARÁ DE CONSTRUÇÃO:</b></br> 
164
<p></p>
<b>ATIVIDADE:</b></br>
Residencial Multifamiliar (prédio de apartamentos)
<p></p>
<b>ÍNDICE DE APROVEITAMENTO OUTORGADO:</b></br> 
0,50
<p></p>
<b>VALOR DA OUTORGA:</b></br> 
R$ 155.125,70",OODC
95,2023-01-01,Cambeba,172246.19,-3.8143,-38.491,"<b>REQUERENTE:</b></br>	
MRV MRL Plural 2 Incorporações SPE LTDA 
<p></p>
<b>Nº PROCESSO FORTALEZA ONLINE:</b></br> 
RAC2021413259
<p></p>
<b>Nº ALVARÁ DE CONSTRUÇÃO:</b></br> 
AC00002343/2021
<p></p>
<b>ATIVIDADE:</b></br>
Residencial Multifamiliar (unidades compactas) 
<p></p>
<b>ÍNDICE DE APROVEITAMENTO OUTORGADO:</b></br> 
0,33
<p></p>
<b>VALOR DA OUTORGA:</b></br> 
R$ 172.246,19",OODC
96,2023-01-01,Dionísio Torres,81072.63,-3.7487,-38.4964,"<b>REQUERENTE:</b></br>	
Construtora R&B LTDA
<p></p>
<b>Nº PROCESSO SEUMA:</b></br> 
12337/2017
<p></p>
<b>Nº ALVARÁ DE CONSTRUÇÃO:</b></br> 
24
<p></p>
<b>ATIVIDADE:</b></br>
Residencial Multifamiliar (prédio de apartamentos)
<p></p>
<b>ÍNDICE DE APROVEITAMENTO OUTORGADO:</b></br> 
0,58
<p></p>
<b>VALOR DA OUTORGA:</b></br> 
R$ 81.072,63",OODC
97,2023-01-01,Fátima,65879.33,-3.7517,-38.5289,"<b>REQUERENTE:</b></br>	
Mota Machado & Oregon SPE XXIV Construções e Incorporações LTDA
<p></p>
<b>Nº PROCESSO SEUMA:</b></br> 
10474/2012 e 499/2016
<p></p>
<b>Nº ALVARÁ DE CONSTRUÇÃO:</b></br> 
338
<p></p>
<b>ATIVIDADE:</b></br>
Residencial Multifamiliar (prédio de apartamentos)
<p></p>
<b>ÍNDICE DE APROVEITAMENTO OUTORGADO:</b></br> 
1,00
<p></p>
<b>VALOR DA OUTORGA:</b></br> 
R$ 65.879,33",OODC
98,2023-01-01,Luciano Cavalcante,38892.01,-3.7755,-38.4845,"<b>REQUERENTE:</b></br>	
Galileia Incorporações LTDA
<p></p>
<b>Nº PROCESSO SEUMA:</b></br> 
760/2012 e 16276/2015 - SEUMA
<p></p>
<b>Nº ALVARÁ DE CONSTRUÇÃO:</b></br> 
959
<p></p>
<b>ATIVIDADE:</b></br>
Residencial Multifamiliar (prédio de apartamentos)
<p></p>
<b>ÍNDICE DE APROVEITAMENTO OUTORGADO:</b></br> 
0,10
<p></p>
<b>VALOR DA OUTORGA:</b></br> 
R$ 38.892,01",OODC
99,2023-01-01,Luciano Cavalcante,11619.76,-3.7702,-38.4914,"<b>REQUERENTE:</b></br>	
Fibra Engenharia Eireli
<p></p>
<b>Nº PROCESSO SEUMA:</b></br> 
1210/2013 e 5702/2015
<p></p>
<b>Nº ALVARÁ DE CONSTRUÇÃO:</b></br> 
598
<p></p>
<b>ATIVIDADE:</b></br>
Hotel residência
<p></p>
<b>ÍNDICE DE APROVEITAMENTO OUTORGADO:</b></br> 
0,20
<p></p>
<b>VALOR DA OUTORGA:</b></br> 
R$ 11.619,76",OODC
100,2023-01-01,Cocó,158560.54,-3.7472,-38.4688,"<b>REQUERENTE:</b></br>	
JS 123 Empreendimentos Imobiliário LTDA
<p></p>
<b>Nº PROCESSO SEUMA:</b></br> 
3545/2013 e 14732/2017
<p></p>
<b>Nº ALVARÁ DE CONSTRUÇÃO:</b></br> 
661
<p></p>
<b>ATIVIDADE:</b></br>
Residencial Multifamiliar (prédio de apartamentos)
<p></p>
<b>ÍNDICE DE APROVEITAMENTO OUTORGADO:</b></br> 
1,00				
<p></p>
<b>VALOR DA OUTORGA:</b></br> 
R$ 158.560,54",OODC
101,2023-01-01,Guararapes,36171.08,-3.7602,-38.4869,"<b>REQUERENTE:</b></br>	
Engexata Engenharia LTDA
<p></p>
<b>Nº PROCESSO SEUMA:</b></br> 
813/2012, 2411/2015 e 693/2016
<p></p>
<b>Nº ALVARÁ DE CONSTRUÇÃO:</b></br> 
386
<p></p>
<b>ATIVIDADE:</b></br>
Residencial Multifamiliar (prédio de apartamentos)
<p></p>
<b>ÍNDICE DE APROVEITAMENTO OUTORGADO:</b></br> 
0,14
<p></p>
<b>VALOR DA OUTORGA:</b></br> 
R$ 36.171,08",OODC
102,2023-01-01,Guararapes,10329.14,-3.761,-38.4853,"<b>REQUERENTE:</b></br>	
José Wagner Teixeira Imóveis e Incorporações LTDA
<p></p>
<b>Nº PROCESSO SEUMA:</b></br> 
4940/2012 e 722/2017
<p></p>
<b>Nº ALVARÁ DE CONSTRUÇÃO:</b></br> 
552
<p></p>
<b>ATIVIDADE:</b></br>
Residencial Multifamiliar (prédio de apartamentos)
<p></p>
<b>ÍNDICE DE APROVEITAMENTO OUTORGADO:</b></br> 
0,10
<p></p>
<b>VALOR DA OUTORGA:</b></br> 
R$ 10.329,14",OODC
103,2023-01-01,Jangurussu,9966.22,-3.8327,-38.5095,"<b>REQUERENTE:</b></br>	
Porto Freire Engenharia e Incorporação LTDA
<p></p>
<b>Nº PROCESSO SEUMA:</b></br> 
2789/2012 e 2733/2015
<p></p>
<b>Nº ALVARÁ DE CONSTRUÇÃO:</b></br> 
527
<p></p>
<b>ATIVIDADE:</b></br>
Residencial Multifamiliar (prédio de apartamentos)
<p></p>
<b>ÍNDICE DE APROVEITAMENTO OUTORGADO:</b></br> 
0,21
<p></p>
<b>VALOR DA OUTORGA:</b></br> 
R$ 9.966,22",OODC
0,2021-03-31,Cambeba,96242.54,-3.8117034,-38.483229,"<b>Clínica de diálise Pronefron</b><br><b>Valor da OOAU:</b>R$ 96.242,54<br><b>Altura proposta:</b>10,51 m (zona com gabarito 48m)<br><b>Endereço:</b>Rua Tomás IIdefonso, nº 125, quadra 05, bairro Cambeba<br><b>O que outorgou</b>IA = 0,20 pela OODC e
Recuos =
444,01m²<br>",OOAU
1,2021-03-31,Meireles,13405667.44,-3.7275791,-38.49518880000001,"<b>Residencial Multifamiliar - Edifício Edge</b><br><b>Valor da OOAU:</b>R$ 13.405.667,44<br><b>Altura proposta:</b>142,74 m (zona com gabarito 72m)<br><b>Endereço:</b>Av. Antonio Justa, 2736, Bairro Meireles<br><b>O que outorgou</b>IA =  5,21; TO
subsolo =
4,82%; AE =
70,74m e
Recuos =
1.088,25 m²<br>",OOAU
2,2021-03-31,Cocó,2099464.62,-3.7455093,-38.474417,"<b>Victoria Park Residence</b><br><b>Valor da OOAU:</b>R$2.099.464,62<br><b>Altura proposta:</b>103,68 m (zona com gabarito 72m)<br><b>Endereço:</b>Rua Doutor Gilberto Studart, nº 1589, bairro Cocó<br><b>O que outorgou</b>IA = 1,50; AE = 31,68m e
Recuos =
118,91m²<br>",OOAU
3,2021-03-31,Presidente Kennedy,258466.82,-3.7278919,-38.5692627,"<b>Jardino Passeio Kennedy</b><br><b>Valor da OOAU:</b>R$ 258.466,82<br><b>Altura proposta:</b>65,44 m (GABARITO 48m)<br><b>Endereço:</b>Rua Libaneses, n° 197, lote 1, quadra 6, Bairro Presidente Kennedy<br><b>O que outorgou</b>AE = 17,44m<br>",OOAU
4,2021-03-31,Meireles,4268303.23,-3.7281884,-38.50789109999999,"<b>Beach Class Meireles</b><br><b>Valor da OOAU:</b>R$ 4.268.303,23<br><b>Altura proposta:</b>101,29m (gabarito 72m)<br><b>Endereço:</b>Rua Monsenhor Bruno, nº 647, bairro Meireles<br><b>O que outorgou</b>IA =  2,39; AE = 29,29m e
Recuos =
421,38 m²<br>",OOAU
5,2021-09-29,Cocó,2529066.47,-3.7435448,-38.4840595,"<b>Edifício Flora</b><br><b>Valor da OOAU:</b>R$ 2.529.066,47<br><b>Altura proposta:</b>119,34m (gabarito 72m)<br><b>Endereço:</b>Rua Bento Albuquerque, n° 536, bairro Cocó<br><b>O que outorgou</b>IA =  2,95; TO
subsolo =
10,00%; AE =
47,34m e
Recuos =
300,92m²<br>",OOAU
6,2021-12-15,Meireles,5427741.78,-3.72911,-38.50099580000001,"<b>Nome não obtido - Construtora Colmeia</b><br><b>Valor da OOAU:</b>R$ 5.427.741,78<br><b>Altura proposta:</b>115,30m (gabarito 72m)<br><b>Endereço:</b>Rua Canuto de Aguiar, n°150, bairro Meireles,<br><b>O que outorgou</b>IA =  4,31; TO
solo = 1,86%; TO subsolo = 14,64%; AE =
43,30m e
Recuos =
774,95m²<br>",OOAU
7,2021-12-15,Meireles,11991136.31,-3.7256807,-38.4974957,"<b>reforma e ampliação do hotel Luzeiros - 2ªtorre</b><br><b>Valor da OOAU:</b>R$ 11.991.136,31<br><b>Altura proposta:</b>71,56m (gabarito 72m)<br><b>Endereço:</b>Avenida Beira Mar, 2600, conjunto 01, bairro Meireles<br><b>O que outorgou</b>=-<br>",OOAU
8,2022-05-27,Meireles,8947750.61,-3.7271129,-38.5009642,"<b>Mansão Diogo</b><br><b>Valor da OOAU:</b>R$ 8.947.750,61<br><b>Altura proposta:</b>151,43m (gabarito 95m)<br><b>Endereço:</b>Rua Nunes Valente, n° 300, bairro Meireles<br><b>O que outorgou</b>IA = 3,91 e AE = 56,43m<br>",OOAU
9,2022-06-29,Aldeota,3455465.33,-3.7378818,-38.4967191,"<b>BS Gold</b><br><b>Valor da OOAU:</b>R$ 3.455.465,33<br><b>Altura proposta:</b>114,40m (gabarito 95m)<br><b>Endereço:</b>Rua Desembargador Leite Albuquerque, s/n, bairro Aldeota<br><b>O que outorgou</b>IA = 1,57 e AE = 19,40m<br>",OOAU
10,2022-06-29,Itaperi,425727.31,-3.790636,-38.5474421,"<b>Projeto com 387 unidades - 139 unid. que ultrapassam o máximo permitido</b><br><b>Valor da OOAU:</b>R$ 425.727,31<br><b>Altura proposta:</b>37,80m (gabarito 48m)<br><b>Endereço:</b>Rua Pedro Wilson, s/n, bairro Itaperi<br><b>O que outorgou</b>IA = 0,55 e FL = 139 unidades<br>",OOAU
11,2022-07-27,Presidente Kennedy,52103.94,-3.7299268,-38.5671131,"<b>nan</b><br><b>Valor da OOAU:</b>R$ 52.103,94<br><b>Altura proposta:</b>52,44m (gabarito 48m)<br><b>Endereço:</b>Avenida Cearenses, n° S/N, bairro Presidente Kennedy<br><b>O que outorgou</b>AE = 4,44m<br>",OOAU
12,2022-07-27,Centro,8787085.77,-3.730631,-38.5070402,"<b>Casa Boris</b><br><b>Valor da OOAU:</b>R$ 8.787.085,77<br><b>Altura proposta:</b>118,58m (gabarito 72m)<br><b>Endereço:</b>Rua Pereira Filgueiras, 1776, bairro Aldeota<br><b>O que outorgou</b>IA = 1,66 e AE = 46,58m<br>",OOAU
13,2022-07-27,Meireles,41944659.41,-3.7251136,-38.5008008,"<b>Condomínio Ponta Mar</b><br><b>Valor da OOAU:</b>R$ 41.944.659,41<br><b>Altura proposta:</b>167,58m (gabarito 72m)<br><b>Endereço:</b>Avenida Beira Mar, n° 2200, bairro Meireles<br><b>O que outorgou</b>IA= 7,10; TO solo=0,67%; TO subsolo = 9,71%; AE = 95,58m; recuos= 737,83m²<br>",OOAU
14,2022-09-06,Meireles,16996951.11,-3.720565,-38.5108747,"<b>Nome não obtido - Jacuí Empreendimentos Imobiliários</b><br><b>Valor da OOAU:</b>R$ 16.996.951,11<br><b>Altura proposta:</b>157,32m (gabarito 48m)<br><b>Endereço:</b>Avenida Beira Mar, n° 990, bairro Meireles<br><b>O que outorgou</b>IA= 8,41; TO solo=6,12%; TO subsolo = 11,80%; AE=109,32<br>",OOAU
15,2022-09-06,Antonio Diogo,489367.56,-3.75956,-38.44426,"<b>nan</b><br><b>Valor da OOAU:</b>R$ 489.367,56<br><b>Altura proposta:</b>47,52m (gabarito 36m)<br><b>Endereço:</b>Avenida Dioguinho, s/n, bairro Praia do Futuro II<br><b>O que outorgou</b>AE = 11,52m<br>",OOAU
15,2022-09-06,Antonio Diogo,489367.56,-3.75124,-38.44822,"<b>nan</b><br><b>Valor da OOAU:</b>R$ 489.367,56<br><b>Altura proposta:</b>47,52m (gabarito 36m)<br><b>Endereço:</b>Avenida Dioguinho, s/n, bairro Praia do Futuro II<br><b>O que outorgou</b>AE = 11,52m<br>",OOAU
15,2022-09-06,Antonio Diogo,489367.56,-3.75947,-38.44413,"<b>nan</b><br><b>Valor da OOAU:</b>R$ 489.367,56<br><b>Altura proposta:</b>47,52m (gabarito 36m)<br><b>Endereço:</b>Avenida Dioguinho, s/n, bairro Praia do Futuro II<br><b>O que outorgou</b>AE = 11,52m<br>",OOAU
16,2022-09-06,Cocó,2050610.41,-3.7450151,-38.4766572,"<b>BS Rubi</b><br><b>Valor da OOAU:</b>R$ 2.050.610,41<br><b>Altura proposta:</b>130,24m (gabarito 72m)<br><b>Endereço:</b>Rua Gilberto Studart, s/n, bairro Cocó<br><b>O que outorgou</b>IA = 1,45; TO subsolo = 7,90%; AE = 58,24m e Recuos = 244,41m²<br>",OOAU
17,2022-09-06,Praia de Iracema,23502813.01,-3.7234398,-38.5052032,"<b>Wave Beira Mar</b><br><b>Valor da OOAU:</b>R$ 23.502.813,01<br><b>Altura proposta:</b>170,85m (gabarito 72m)<br><b>Endereço:</b>Avenida Beira Mar, n° 1696, bairro Meireles<br><b>O que outorgou</b>IA = 5,96; TO solo = 13,12%; TO subsolo = 12,62%; AE = 98,85m e Recuos solo = 1.137,65m²<br>",OOAU
18,2022-10-26,Cocó,2995672.27,-3.746045,-38.4824551,"<b>não obtido - EN1 Empreendimento Imobiliário (Construtora Etevaldo Nogueira)</b><br><b>Valor da OOAU:</b>R$ 2.995.672,27<br><b>Altura proposta:</b>113,52m (gabarito 72m)<br><b>Endereço:</b>Rua Alexandre Furtado, s/n, bairro Cocó<br><b>O que outorgou</b>IA= 1,24; AE = 41,52m<br>",OOAU
19,2022-10-26,Mucuripe,24241872.48,-3.7224329,-38.4806528,"<b>Pininfarina Beira Mar. Para a obra estão sendo demolidos, dois hotéis, um restaurante e a última casa da avenida</b><br><b>Valor da OOAU:</b>R$ 24.241.872,48<br><b>Altura proposta:</b>165,38m (gabarito 72m)<br><b>Endereço:</b>Avenida Beira Mar, nº 4550, bairro Mucuripe<br><b>O que outorgou</b>IA= 3,23; AE = 93,38m<br>",OOAU
20,2022-11-30,Barroso,805244.86,-3.8208563,-38.5085865,"<b>Residencial Vida Botânica: 285 unidades habitacionais que ultrapassam o permitido - previstas 720 und</b><br><b>Valor da OOAU:</b>R$ 805.244,86<br><b>Altura proposta:</b>35,15m (gabarito 48m)<br><b>Endereço:</b>Rua F, Quadra 04 do loteamento residencial Célio Gurgel, s/n, bairro Barroso<br><b>O que outorgou</b>IA = 0.63 e FL = 285 unidades<br>",OOAU
21,2023-01-31,Antonio Diogo,242529.06,-3.75956,-38.44426,"<b>nan</b><br><b>Valor da OOAU:</b>R$ 242.529,06<br><b>Altura proposta:</b>44,54m (gabarito 36m)<br><b>Endereço:</b>Avenida Dioguinho, s/n, bairro Praia do Futuro II<br><b>O que outorgou</b>AE = 8,54m<br>",OOAU
21,2023-01-31,Antonio Diogo,242529.06,-3.75124,-38.44822,"<b>nan</b><br><b>Valor da OOAU:</b>R$ 242.529,06<br><b>Altura proposta:</b>44,54m (gabarito 36m)<br><b>Endereço:</b>Avenida Dioguinho, s/n, bairro Praia do Futuro II<br><b>O que outorgou</b>AE = 8,54m<br>",OOAU
21,2023-01-31,Antonio Diogo,242529.06,-3.75947,-38.44413,"<b>nan</b><br><b>Valor da OOAU:</b>R$ 242.529,06<br><b>Altura proposta:</b>44,54m (gabarito 36m)<br><b>Endereço:</b>Avenida Dioguinho, s/n, bairro Praia do Futuro II<br><b>O que outorgou</b>AE = 8,54m<br>",OOAU
22,2023-02-27,São João do Tauape,710950.44,-3.7513682,-38.490708,"<b>nan</b><br><b>Valor da OOAU:</b>R$ 710.950,44<br><b>Altura proposta:</b>87,67m (gabarito 72m)<br><b>Endereço:</b>Rua Israel Bezerra, n° 1130, bairro Dionísio Torres<br><b>O que outorgou</b>IA= 1,0 pela OODC; TO= 5,33; AE=15,57<br>",OOAU
23,2023-02-27,Meireles,18169894.58,-3.723861,-38.503538,"<b>Antigo Esplanada Hotel. Mesmo edifício do item 5. Projeto foi apresentado em 2016, mas sofreu alterações eo obra não aconteceu. Altura prevista à época seria de 126,74 metros</b><br><b>Valor da OOAU:</b>R$ 18.169.894,58 (*)<br><b>Altura proposta:</b>170,63m (gabarito 72m)<br><b>Endereço:</b>Avenida Beira Mar, 2000, bairro Meireles<br><b>O que outorgou</b>IA = 4,40; AE = 98,63m e Recuos solo = 2.729,69m²<br>",OOAU
24,2023-03-31,Meireles,8050780.84,-3.7309613,-38.5075714,"<b>Edifício Beach Class Unique. Torre com 38 andares e 492 unidades compactas, com metragens de 28m², 39m², 66m² e 88m²</b><br><b>Valor da OOAU:</b>R$ 8.050.780,84<br><b>Altura proposta:</b>119,84 m (gabarito 72m)<br><b>Endereço:</b>Avenida Rui Barbosa, 901 - Aldeota (entre Pereira Filgueiras e Costa Barros)<br><b>O que outorgou</b>IA = 1,83; TO solo = 5,35%; TO subsolo = 7,87%; AE = 47,84m e Recuos = 249,45m²<br>",OOAU
